,reviews
0,"

  I got the wire to charge my iphone after being disappointed by so may others out there.. this one proved to be great! The 3 different charging extension helps me charge my phone and the power bank in one go and is overall very efficient. I just carry around this one charging wire for all my electronic needs! The wire charges fast and is a great asset for me

"
1,"

  It's a very good multi charging cable. Don't know if it's a fast charging cable but it charges fast if used with single device at a time.I definitely recommend this product.

"
2,"

  I have 3 phones , 1 Has lightning port, 1 Has type C , 1 Has micro usb.This thing is really helpful to me as I have only 2 sockets in my hostel room and borrowing an extension from my friends isnâ€™t always good. So this is the thing for me. Overall I think the packaging could have been better rest everything is fine.Update : It stopped working.

"
3,"

  Its good in length, strong, and does fast charging in every type. I love  it because of its three type usage. My brother and i both charge and play phone simultaneously together. Loved it

"
4,"

  We cool nylon 3 in 1 cable is too good.  You can charge multiple devices at the same time. It charges very fast. And the headache of carrying multiple chargers with you when you are travelling is also solved as you you can charge your iPhone or any android phone with this. At this price it offers very good value for money

"
5,"

  It doesn't support Data. It is only charging cable. Didn't expect WeCool can provide wrong information....

"
6,"

  I have a lot of devices. And iPad Pro 11, iPhone 11 Pro and android phones so carrying different chargers for every phone is a real hassle. So I ordered this cable. I have tried It with all of my devices and it is working fine with all devices with different ports type. However when I tried charging three devices of different port types together, charging speed was too slow so I charged one device at one time and then it is working fine.

"
7,"

  Nice quality product itâ€™s very nice and handy. Wire quality is excellent itâ€™s very flexible to bend in any position. It has 3 extensions which can be attached to any phones. I liked this product and very happy to buy this.

"
8,"

  My note 10 plus is taking 4 hours to charge fully in this..worst cable ..dont buy.

"
9,"

  The cable is built sturdy. It does not support fast charging.I bought it for fast-charging. Unfortunately, it doesn't fast charge.

"
10,"

  I got the wire to charge my iphone after being disappointed by so may others out there.. this one proved to be great! The 3 different charging extension helps me charge my phone and the power bank in one go and is overall very efficient. I just carry around this one charging wire for all my electronic needs! The wire charges fast and is a great asset for me

"
11,"

  It's a very good multi charging cable. Don't know if it's a fast charging cable but it charges fast if used with single device at a time.I definitely recommend this product.

"
12,"

  I have 3 phones , 1 Has lightning port, 1 Has type C , 1 Has micro usb.This thing is really helpful to me as I have only 2 sockets in my hostel room and borrowing an extension from my friends isnâ€™t always good. So this is the thing for me. Overall I think the packaging could have been better rest everything is fine.Update : It stopped working.

"
13,"

  Its good in length, strong, and does fast charging in every type. I love  it because of its three type usage. My brother and i both charge and play phone simultaneously together. Loved it

"
14,"

  We cool nylon 3 in 1 cable is too good.  You can charge multiple devices at the same time. It charges very fast. And the headache of carrying multiple chargers with you when you are travelling is also solved as you you can charge your iPhone or any android phone with this. At this price it offers very good value for money

"
15,"

  It doesn't support Data. It is only charging cable. Didn't expect WeCool can provide wrong information....

"
16,"

  I have a lot of devices. And iPad Pro 11, iPhone 11 Pro and android phones so carrying different chargers for every phone is a real hassle. So I ordered this cable. I have tried It with all of my devices and it is working fine with all devices with different ports type. However when I tried charging three devices of different port types together, charging speed was too slow so I charged one device at one time and then it is working fine.

"
17,"

  Nice quality product itâ€™s very nice and handy. Wire quality is excellent itâ€™s very flexible to bend in any position. It has 3 extensions which can be attached to any phones. I liked this product and very happy to buy this.

"
18,"

  My note 10 plus is taking 4 hours to charge fully in this..worst cable ..dont buy.

"
19,"

  The cable is built sturdy. It does not support fast charging.I bought it for fast-charging. Unfortunately, it doesn't fast charge.

"
20,"

  I use this cable to charge 3 kind of device one at a time, cable help to charge device but it failed after 30days of using it. This cable dose not support data transfer for any kind of devicefrom outside quality looks good but internal connection with jack is fragileThere is warranty you can't claim as there is a underlining to register this cable in before 15 days of purchase.

"
21,"

  I got cheated. I did not check the country of Origin and bought a Made In China product. I have stopped buying products made in that country since Made in India movement emphasis. This is another defective product. The prong for the Apple I Phone does not work at all. I tried with three different I phones 5S that I have and this did not work with any of those. It worked only on OppO phone. I paid for three prongs while only one works.  Be careful if you buy this one....... The cover sleeve from the I Phone charging prong came off within the first 5 minutes!!!!!!!!!!!!!! That speaks for the Quality!!!!!!!!!!

"
22,"

  The product looks classy and compact. Cable that arrived was faulty. It works only if charging device is placed at specific angles. Got replacement but the new cable charges slow even with a single device. When you connect multiple devices simultaneously the adapter heats up and charges slow. This cable took 6 hours to charge a single device with 3000 mAh battery. The type C cable is a one side cable, it doesn't charge when connected with the blank side on top. Want to return it but they just have 10 days replacement option. Do not recommend it.

"
23,"

  Liked this 3 in 1 concept to save some money instead of buying multiple cables but finally incurred loss. I purchased this cable few weeks back. It says fast charging, but it's charging speed is less than normal speed. Not even able to charge 10% in an hour. I have used it hardly for 15 days. Waste of money.

"
24,"

  Very cheap quality product..didnâ€™t last even for a week...I seriously thought itâ€™ll be a great product as I can charge all my phone in 1 go but it really turned out to be a very cheap product.. yesterday while I was pull out the I phone jack from my phone , I was surprised to see the charging pin was broken & was stuck in my I phone charging point.. very disappointed with the quality of the product..not gonna buy any lead from Amazon in future , God knows if they are of same quality ðŸ˜¡ðŸ˜¡ðŸ˜¡ðŸ˜¡

"
25,"

  The cable cannot be used in the car with Android Auo or Apple Car play. Buy only if you want to charge your devices and not have any data transfer over it.Unfortunately Amazon doesnâ€™t let me return this even though it is not useful for me.

"
26,"

  There doesnâ€™t seem to be enough charging power travelling through this chord as It says it charges all three at the same time, i say the lightning cable doesnâ€™t work at all!! I have tried in both of my iphones and it simply doesnâ€™t charge!! Only micro usb cable works

"
27,"

  This cable is quite bad on all levels.It's USB-C  connector stopped charging within a few months of purchase. It cannot charge 2 or more devices simultaneously either. Braided cable is ok, but plastic covers on connectors broke off within 2-3 days of use. It is being sold for Rs 350, but the overall quality is same as cables sold for Rs 150 in roadside stalls.I had taken it on a long trip and had to buy new cables because it stopped working. Typical chinese low quality stuff.

"
28,"

  The only thing fast about this order was the delivery, which reached me within 3 hours from ordering. The cable does not support fast charging. It's slower than regular charging without the dash adapter. False advertising.Cannot comment about the durability or strength yet. But expecting to be fully disappointed on those counts too.

"
29,"

  The delivery package came in a small plastic bag, it looked strudy but with in two days the wire fixtures coming off . They seem to be just stuck around with bad glue . The wire parts around the charging point and usb point all have come off. Dont purchase , not worth the money.Not at all fast charging.

"
30,"

  Does not support fast charging for my Samsung device.No point of buying...hence I am returning my product

"
31,"

  I purchased it for triple use with my OnePlus Nord (Type C USB), older Samsung Galaxy 7 (Micro USB and iPad.I found that the Type C pin is a little over-sized and would not connect. I tried it with another Samsung phone with Type C port and there also it would not connect.Obviously I did not use excesssive force to avoid damaage to the bult in female portion in the phone.  ( I have other Type C connectors and they  are mating smoothly). Howerver, other pins viz., microUSB and iP pins are OK. The nylon braiding and look are all fine.In short it didnt serve the purpose for which I bought it. Looks like there was no quality control or  it is a reject . Dont buy it if you are looking for use with Type C port device.

"
32,"

  The cable wire is a 2nd replacement, however is not compatible for Iphone 6s Plus as against mentioned is the brief description of the product.We are obligated to either thrash away the cable wire or keep replacing it since it does not work even on MI Note 7 phone.  As a customer we don't have time to keep replacing things, should be accurate in the first go.

"
33,"

  Amazon should take it updating the product description.This cable doesn't support fast charging.Cable durability and quality wise is good. But Its normal charging wire. Even data transfer is also not that fast.

"
34,"

  1. The packet itself has no WeCool brand on it but just a sticker on it has the brand name ""WeCool"". It makes the product itself prone to be replaced with fake ones. Anyone can duplicate it with a fake sticker. So I clearly doubt the originality of the product in itself. The company should have given a box and sealed it with plastic wrap like the most genuine brand does.2. My Moto X4 phone charges normally in 45 minutes with a turbocharger, but using this cable plugged into the same Moto turbocharger takes appx 2 hours to charge it ( also if only 1 device is being charged ). In that way, I cannot say it's a Type C cable in itself. It adds more time to completely charge when 2 devices are plugged.3. To my expectations, the cable can save you when you need your drained-up phone in a while but not immediately.4. I hope our companies make better and efficient products and apply fair pricing, so they could compete in the global market.

"
35,"

  Itâ€™s a nice cable and charges the phones. However as claimed in its photos that it can be used in cars etc, is not true. It does charge, but it does not sync with Apple CarPlay or any other syncing is not possible.

"
36,"

  The wire works as specified â€” I am able to connect USB C, micro USB and iPhone for charging.The charging speed is definitely high - even on slow charging adapters. The only drawback is that it does not function as a data cable. The PC does not pick up the connection when phone is connected, but it does charge well on PC USB as well. Maybe that's the give and take for such a design.I am also able to connect devices simultaneously for charging and it does charge simultaneously. Durably designed. It is sturdy.

"
37,"

  Received the product today (4/11/19) as committed. I tried charging my OnePlus phone. To my disappointment, it does not support fast charging as claimed (used OnePlus adapter).

"
38,"

  I am reviewing this item after using it for more than a month and I used it for my son's iPhone 6+ and it's working fine... I bought this because I may require it to use for my 1+7t (during any emergency as  a secondary charger) with C type charging pin and it's perfectly fitting.. though I didn't use it to charge my 1+ phone ...

"
39,"

  Worst product & service from wecool i ll not recommend this company any product to buy. With in 10 days of my purchase item stop charging vn i called wecool company i was informed that i have to courier it to Bangalore.

"
40,"

  With this cable we can only charge mobile phones but we can't transfer our files to PC or any other devices.we can't use this cable for Android auto play in cars. Actually I ordered it for Android auto feature in car ,but this cable doesn't support this. extremelyDisappointed

"
41,"

  With this cable takes 3hr 28 min to full charge my phone. With the orginal cable i takes 1hr 34 min only. Cable looks durable. But definitely not fast charge cable. Can be used for night time charging.

"
42,"

  I tried charging both simultaneously my iPhone 11 Pro and Redmi 8, iPhone was getting charged but Redmi was showing charged again and again in 1 min off and charge off and chargeAnd charging speed is too slow

"
43,"

  It was good at the start. However it started to malfunction in 3 months. Stopped charging consistently. No information on the invoice on how to get a warranty replacement. No reply from the seller either. Their one year warranty seems a farce.

"
44,"

  I would like to say..as a charging cable it will work..data transfer or similar utility like android auto with car is not supported..just serves basic charging..and quality is ok.

"
45,"

  The product changes very slowly, doesn't transfer data, does not work with regular usb plugs. Please do not buy,  dealer is selling the product with warranty but there is no warranty at all and also the product is not sealed when it comes to you. Do not buy.

"
46,"

  this product is very useful its durability is very good.nylon wire protection provides amazing support to it. this data cable can charge upto 3 phones at a time Android apple and c type port phone. Fast charging support is thereà¥¤.

"
47,"

  I have not noticed its a chinese product, else i would have not baught it.C type chrging pin does not work good.B type is working good. So purpose does not resolved to charge the power bank and mobile together

"
48,"

  Purchased on 28th September and have a experience decent amount of charging power and it's durability...It's been a month and using comfortably...Surely recommend to buy this product...For ts sturdiness n durability and sure wecool customer service !!!!!

"
49,"

  It is a good product that does most of the things and helps save space and clutter.HIGHLY RECOMMENDEDOnly drawback is that my phone does not connect to Google Auto in my car using this cable.

"
50,"

  There is no refund policy. One of my colleague also bought it and it has same problem. What will I do with replacement when it's build is faulty? Please do not buy for type C.

"
51,"

  Build quality of cable is good.Although it does not support quick charge, but its charging speed is more than regular cable.Highly recommended.

"
52,"

  Don't buy anyproduct of this company we cool ...this cable stopped working within a span of just 20 days and now is beyond exchange period ...all their products are cheap and bulk china import ...stop buyying any products of this company

"
53,"

  I wasn't expecting it to last at least this long, but it did. Bought it in Jan 2020, stopped working Jan 2021. All 3 pins stopped working. Have to say, very long for a Chinese product!

"
54,"

  All ok but major concern is computer to mobile data transfer is not working..buying for 399 and not getting data transfer means waste ..

"
55,"

  I bought this to facilitate simultaneous charging for Android, Apple and the new Samsung phones. Within a month the Android charger pin heads are sunk deep meaning they have lost their tension and are unable to make contact and the charger head slips out. This is bad but the other two are okay so far,

"
56,"

  I request with folded hand please donâ€™t buy this . I worked so much research before buying it, so many people refused me that donâ€™t buy wecool cable but didnâ€™t go with them and bought it on 6 oct. 2020. Itâ€™s 20th oct 2020 today and my cable is not functioning now and m so much disappointed to choose this. Poorest and very cheat class product, no service, to warranty, nobody listen your complaint. Go for any other brand but donâ€™t buy wecool.

"
57,"

  The cable seems to be ok for charging but doesn't work with Android Auto Car. Requested a replacement - let's see...19th Feb 2021 - got a replacement part. Turns out it is a wrong product :-) Requested Amazon to just cancel the order. There is no communication of any kind from the vendor.

"
58,"

  This cable doesn't Support quick / fast charging i tried it on Poco F1. it was normal charging. I used same poco charger which Supports fast charging. This cable is 2.0 instead of 3.0 Support

"
59,"

  It was an amazing experience to use this product. Seems very much durable, the charging power is enough to charge atleast 2 phones at a time. Very sturdy.I would recommend it to everyone, plus, it's a great product if you have a car charger.

"
60,"

  I'm disappointed to see the unbranded packet it came in and thought it to be a thick cable. It doesn't support Android Auto (means data is not supported). It is nylon braided and genuine product, so hoping to see it last long

"
61,"

  Horrible. This is the second time I am ordering this product as it was convenient. The first time, all 3 pins charged but the product wasn't sturdy and one of the pins broke.  So I reordered. In the new product, one of the pins for charging iPhone doesn't work at all. It's a faulty product.

"
62,"

  Worst item I have ever bought from Amazon.  Not at all fit for charging 3 phone together. Forget three phone, not even 1 phone does charge well. I will never suggest anyone to buy this. Loosly connect from charger end, usb not perfectly fit with charger body, whereas, original charger or another good brad extended braided cable I have, they all function well with same charger plug. Totally disappointed.

"
63,"

  Quality of the product is very good and nice and flexible to carry and charging is happening quickly if you putbinto power bank. Simply superb worth buying. Thanks to Amazon for quick delivery atbthis situation.

"
64,"

  Only product quality is good... But its not fast charging compatible. Its dummy ... Wont support 3A, It gives just 2A power...All think we can charge 3 mobiles at a time. But trust me Instead charging 3 mobiles at a time, we can charge them individually with another normal wire in less time than this cable take.Worst part is Amazon with out validating product, promoting cheaper products..

"
65,"

  Not at all durable, cable has loose wiring and charging keeps turning on and off because of loose connection. Defeats the purpose of buying expensive product.PATHETIC QUALITY. Don't buy.

"
66,"

  Fast charging may not happen if more devices connected at a time.Not charging iPhone after 2 days.Applied for replacement.

"
67,"

  The one of the best product that have such awesome quality rather then other product. The rpice is too cheap and you can look that its too beautiful while look. Awesome product

"
68,"

  Not supporting fast charging..Tried to return the product.But they are not returning instead sending replacement....And how will that slove the problem ???I don't konow...

"
69,"

  This cable has quality wire. Wire is very good.protected wire. Best cable ever. It can charge 3 different type phone at a time and it charge very fast all phone. I can use as travelling wire also.and wire is standard protected movable wire. Pin's also standard qualied.

"
70,"

  Using it for past 3 months for my iphone and Android phone. Works like a charm. Fast charging. No issues with multiple devices plugged at once.

"
71,"

  Purchased 2 times. A value for money product. Build quality is also good. You can try this for your multi-charging requirement and can be used in car or at home. Connects fast.

"
72,"


  Your browser does not support HTML5 video.


  Â I received today. I tested it for charging my Redmi note 8 and motorola g3 mobile, found fast charging. Sturdiness is expectable , total length to charging tip is 1m20cm (4 feet). I cannot tell about durability now, it seems having long durability.

"
73,"

  Some lock kind of arrangement for non connected ports would have made it an excellent product.Having said that performance and ports are of high quality

"
74,"

  I was looking for cable which can be used to charge 2-3 devices at a time. Charging speed is good. The wire is super due to its tight braiding. It also has 1 year warranty.

"
75,"

  I was able to charge Samsung M30 (C-type) and also Redmi phones with it, but I couldn't charge Lenovo Z2 Plus (also C-type) as it seemed like it was incompatible.I've returned the product.

"
76,"

  Th C-type stopped working after a month

"
77,"

  Though the product is very good in quality, it's not at all a fast charging cable.Even if my charger gives higher output, this cable is not supportive ðŸ˜’ and passing very very  less power only.  Taking almost 4 hours to charge my Samsung A51.It's not a worthy product as defined in its description

"
78,"

  This is really a very nice cable. It is tough, good quality and does fast charging at the same time. It has a maximum output of 3A unlike other who supports only upto 2.4A and cost just double of this. So, highly recommend. Just go for it is durable and is of very good quality and comes from a very trustworthy brand in india.

"
79,"

  Received with good condition today,  charging ctype and ordinary in 2 mobiles,  looks to be OK,  need to wait and watch the durability

"
80,"

  Now a days itâ€™s necessary to carry such cable which supports 3 types of charging port. I bought 2 of them.

"
81,"

  Itâ€™s very very average made in China ðŸ‡¨ðŸ‡³ Cable. Takes lot of  time to charge eve. If one phone is connected

"
82,"

  Strong due to the coating.Edit: Do not buy waste of money, only the micro USB works. The warranty option is just for the sake of trapping customers.Instead, go for the other cheaper options with only micro USB.

"
83,"

  within a month the charging capability has gone down. It is taking more than 7 hours to charge and if you plug two devices at the same then it will take 9 to 10 hours.Durability is not good

"
84,"

  Good product.I bought it for my Samsung phone and apple airpods.. it is working fine.But it is not working for my other one plus phone.. not sure if it the type c problem or one plus phone issue..

"
85,"

  The Apple pin stops working after 3-4 days. Apple now does not consider cable as genuine and doesn't let it charge the device.

"
86,"

  One of the great Charging cable. I am using it since  2 days.Pros: 1. Great build quality.  2. Charger ports are locked tightly. No loosen from port.  3.  Charing speed ( charging Nord 30 to 100% within  30 mins.  4. Coping files at  25mbps an average.Cons: didn't find yet.

"
87,"

  The product is good and the connectors are really good quality but It doesn't support fast charging.

"
88,"

  It is just a simple phone charging cable. Do not expect it to use for data transfer. It doesnâ€™t sync with your phone data.

"
89,"

  Not a fast charging cable. Connected to my phone's original power plug and only regular charging started. Ipad charging is slightly slower the original apple cable but it works. Seems flexible and durable. This is based on usage in the first week of purchase.

"
90,"

  I bought this item considering it will do data sync as well but unfortunately it did not. Quality of product is okay if using for Charging purpose only.

"
91,"

  Sir I returned this item for replacement because item's c- cable pin not working properly. replacement was not given till 30 days after placing replacement so I cancel replacement but till now money was not return. So I request you to return my amount or replace cable

"
92,"

  The cable is well made but it charges too slow for my liking, even with just one device connected. My iPad actually loses its charge while watching videos when connected to the (official) charger with this cable. Will be returning this.

"
93,"

  This cable does not transfer data only charge. But I liked this product. Multi charge ports . Good quality

"
94,"

  Useless product, not functioning from day  one . Avoid fraud product . Dear #amazion dose ur buyer check product before listing ??

"
95,"

  Very Good Product , But the speed of charging might reduced when connected more than one device.

"
96,"

  FOR MY IPHONE CHARGING IT STARTED TO NOT CHARGE STATUS FROM 2ND WEEK , WTF? IPHONE HAS TO DISCONNECT N THEN CONNECT AGAIN

"
97,"

  iPhone connector broke after a month.Now waiting to see when the other 2 will snap.

"
98,"

  Good product as we can charge multiple devices simultaneously and also no issues seen with charging my iphone. and also post sale support is good. There is immediate response from the team on any support.

"
99,"

  Very poor quality, broken on first use. Very bad charging capability. Wasted money.

"
100,"

  First it was showing ""charging slowly"" in my phone. Next minute it stopped working. I can't even return it now as it is too late to initiate return request.

"
101,"

  It only charges, does not transfer data. Purchased it for car but it only charging cable.

"
102,"

  With one mobile also dose not charge fast as said in discription as well as data transfer not possible. Wont recomend others for this product buy.

"
103,"

  Its very well built.Charging is very fast even when all ports are connected.Used this with 12Volt car charger, and even there it performed very well.

"
104,"

  Not satisfied with the item. Not working rapidly with dirt charger. Very slow Ã§harging with car charger.

"
105,"

  My other cables show fast charging while charging and this cable shows only cable  charging

"
106,"

  Am a regular travelling person so having this 3 way cable which supports fast charging is like a blessing. Highly recommended!!

"
107,"

  Not a fast charging one.  It takes long time even to charge one mobile alone.

"
108,"

  It works only for charging not data transfer for both iOS and androids.

"
109,"

  Worked only 10days till return option date. First it worked good and continuous use it is getting heat and stopped working finally. Worst product. Try to buy Branded product even price is higher, never go for this.

"
110,"

  Excellent  product ..it works with all 3 types.but charging  was fast with one mobile  at a time only..

"
111,"

  After use of 1 month the android charge type micro usb is not charging properly. It has become very very slow.However ios charging is ok.

"
112,"

  Worth to buy and best deal with Amazon, quality of the product is best for the offered price.

"
113,"

  This is superb product. I am using it for my OnePlus 6 and iPad since last 10 days. The charging speed is amazing. It is very similar in performance to original dash charger of OnePlus 6. I am very happy and satisfied with the performance of this product.

"
114,"

  After 10 days of usage two ports are not working. Not good quality as expected.

"
115,"

  It is not compatible with 2A charger.. When I started using this cable, my charger started heating up so fast and that too I could feel a very hot surface.

"
116,"

  Don't buy,Returned two times.Once micro USB not working while other time IPhone cable not working.Moreover,  Amazon not returning money to bank account. They are only offer amazona balance option. Such a ridiculous service

"
117,"

  Initially it was charging iPad air, after two charges, not working for iPad air. For iPad air this cable in not supporting. The cable is also getting heated quickly.

"
118,"

  Cable had a defect so I raised a request for replacement and within 2 days a new cable was sent and the defected piece collected. Very impressive service !!!

"
119,"

  Just ordinary and exhorbitant price. now the cable is not charging. My money is totally wasted.

"
120,"

  Only suitable for charging iPhone, but Mac machine fails to detect iPhone connecting through this cable.Need to buy another cable.

"
121,"

  This is not a fast charging cable. Durability is fine with 3 different heads to connect any device.

"
122,"

  I had bought this on April 9th 2021 and it has stopped working now. Feeling so disappointed and that this has not even come good for even 6 months. Please let me know if I can return it

"
123,"

  The good thing in this cable is it is lengthier than the OEM cables

"
124,"

  Great build quality. But fast charging is not supported. When connected to phone through a fast charger it doesn't shows 'fast charger connected' symbol. The cable built quality is great.

"
125,"

  I bought this thinking that this will come for ever, but in 2 months, the pin broke. Cheap materials used

"
126,"

  Built quality of charging cable seems good and durable. I have especially ordered this cable to charge my iPhone. But iPhone charger pin can able to charge only from one direction. I am little disappointed on this point.

"
127,"

  My phone shows 'fast charging' if I use my other USB C cable. This one does not charge fast. If you are looking for fast charging, pass this on..

"
128,"

  After about 1 months of use First one then all three heads stopped working. Now item is useless.

"
129,"

  Perfect cable for charging the mobile of all connection devices.

"
130,"

  The product is quite useful and looks durable. However not more than of nominal use the Type C port & micro usb started malfunctioning.Should go for better options other than this, it's total wastage of money and efforts.

"
131,"

  Very flimsy build quality. Initially the product appeared great but just after one month of use the type C charging port stopped functioning.Totally disappointed

"
132,"

  I have been using this product for over a month now it's a good cable.better than our normal cables yes u can charge two phones at the same time but it will be slow . It's quite long enough and nice strong . Ho for it

"
133,"

  The item frequently stops charging iPhone after few minutesDisplay error messageâ€œ accessories not supported â€œ

"
134,"

  Nicely built Solves the purpose and Nylon cover make it sturdy

"
135,"

  Good Product. The I Phone charging pin get dammaged after 2-3 days of use

"
136,"

  Value for money product. Charging speed is also fast. Really liked it and will definitely recommend it to buy. Thread kind cable makes it more flexible and no risk of damage. Happy to buy it...

"
137,"

  Within less than 1 month this charger stopped working. Now I am planning to buy new one from nearby shop and not online. I lost trust on buying charger online.So please don't buy this charger online.

"
138,"

  A very useful one for travelling. I have a iPhone 11 and Note 10. It charges well. Highly flexible one since the wire is made of fabric...

"
139,"

  This was like a perfect product which i required. I have multiple ports charger & it worked very well. All the USBs was working awesome & the connectivity was perfect.

"
140,"

  The product is not working as promised and it is not expected as such and Amazon India is not as promising as in USA.

"
141,"

  The chord works for charging purpose only and but was NOT use full for APPLE Car Play somehow.

"
142,"

  The product  quality is decent but it's usb typc C doesn't deliver turbo charging to your phone, it charges slowly like a regular micro usb.

"
143,"

  Very slow charging even with 1 amp charger compared to other USB cables.

"
144,"

  I have been looking for this type of product for a long time as i am using multiple mobiles and got this one, easy use, and easy to care

"
145,"

  Absolutely pathetic quality, since the day one u have been complaining and have requested for return but no-one bothers to pickup the product.  I simply wasted my money on this product.  Request everyone not to opt this product.

"
146,"

  As shown its not a fast chareger but has three different ports but the type c port is bit larger so i have to remove my phone cover to plug the charger in mobile. satisfied

"
147,"

  Superb quality and decent charging power. Very versatile, it can charge all types of devices and can charge upto three at once. USB type port also makes it easy to use and take anywhere

"
148,"

  Good quality charging cable, length almost 1.25 Mtr, tried charging two mobiles at same time, both got charged, excellent charging power, functions very well.

"
149,"

  Only for charging. Doesn't work for Android auto with car sync

"
150,"

  Does not support data transfer as mentioned by Wecool

"
151,"

  After 12 days it is  broken so easily and not working.  It is delivered on 24th Feb 21, today is 8th March 21 . Now the smart phone charging port not working.  It is so delicate. Do not purchase. Waste of money.

"
152,"

  Very happy with the product. The material is strong and durable. It does fast charging. Can do 3 devices together - USB C, Apple, Micro USB. I will definitely recommend this.

"
153,"

  Not working. Cant even send it back just for rs. 299/-, i cant spend over again for such a small amount and spenf shipping charges which is more than the product. What a waste.

"
154,"

  Worst product..iphone pin stopped working in a month. Money down the drain. Never buying from this seller again!! Horrible

"
155,"

  Very bad cable. Not at all durable. No warranty. Stopped working in just one month. Donâ€™t buy.

"
156,"

  I m not happy. ..not fast charge pls give me my refund..very bad product in this amount

"
157,"

  Product is well made and has multiple options.

"
158,"

  Doesn't fast charge and can't charge all three cables at the same time

"
159,"

  This is a value for money product. in our family, we have all the three type of phone. we don't need to carry three different cables while travelling. This is worth giving a try. Charging speed is also good

"
160,"

  Very much disappointed, it says it support fast charing but it doesn't. Don't know why the seller do this kind of fake advertisement.

"
161,"

  Bad quality and it's not usable for proper charging and it's very Eritating

"
162,"

  Nice product. Good manufacturing qaulity. Easy to handle.

"
163,"

  Charger is good in build but charging is slow if we keep two or three phones at a time. It takes more time than the single charger for charging phones.Not recommended for multiple charging if you want in less time.

"
164,"

  Good Product ! Worth For The Price Paid !

"
165,"

  Donâ€™t buy if you get a better one. Felt flimsy. I wasnt satisfied.

"
166,"

  Not best product. It doesnâ€™t work properly.First apple phone doesnâ€™t charge with it and now android phone is not charged by it.

"
167,"

  It is not fast charrging cable as mentioned 3A which is mentioned is totally a lie.I NEED A REPLACEMENT

"
168,"

  Misleading productNot a fast charging cable

"
169,"

  The cable worked effectively for about a month and half only. Thereafter have been facing major issues using this cable and two months have had to buy another cable. Quite disappointed. No value for money.

"
170,"

  My phones takes a long to charge fully ..... doesnt like it as i was expecting .....not good product

"
171,"

  Recieved broken cable, charging is slow, it doesn't support high speed charging

"
172,"

  Versatile item. Great for travelling. Now carry just one data cable instead of 2/3 different types

"
173,"

  It appears sturdy but doesn't fit the Charger correctly.

"
174,"

  The wire quality is good. However the charging is not comparable to other fast chargers. The charging speed is medium.

"
175,"

  Good product .At time charging 2 cells easily

"
176,"

  USB Cable connector gets warm whilst charging.  It becomes really hot if just 2 devices are connected. The Fast charging does not work, it is normal slow charging.

"
177,"

  Good PerformanceAble to charge 3 devices at a time bit slow but accepted if there is 3 devices charging at Same time.

"
178,"

  Writing this review after 6 months. Over the time the tip of the charger goes bent. Its made of plastic. Not a great cable for this price

"
179,"

  Product looks good and charging same as per regular cable. No fast charging. It only work like charging cable but no data transfer to Laptop.

"
180,"

  materiel is good but performance is very poor, not able to connect my mobile to pc for data transfer, also its not fast charge supoort, false information

"
181,"

  Lightening Cable worked only for a week.

"
182,"

  Initially it charged well...but after 10 days of use it charges very slowly or doesn't charge at all. Only 1% increase in charge after 1 hour of use

"
183,"

  Stopped working within two weeks of buying. Useless for Apple. Okay for android and type C

"
184,"

  IPhone charging doesnâ€™t work at all! This is second time I am returning this product.

"
185,"

  Ver slow charge, taking 3more than 3 hours to full charge any phone even with a higher watt charger.

"
186,"

  Good product to use for a day or some but stop working very soon and warranty is asked excuses are shown. I will suggest you all not go for this product as other brand are standing in respect of these wefool

"
187,"

  Quality not up to the mark compared with price

"
188,"

  Very comfortable to use. Three different pins almost takes care of all our requirements.

"
189,"

  great nylon braided covered 3 in 1 cable for charging different type of mobile.

"
190,"

  The cable has power loss. Not suitable for fast charging

"
191,"

  This product has malfunctioned the iPhone / iPad charging pin on both the cables that I purchased stopped working within 14 days of purchase extremely disappointed and upset

"
192,"

  Used it for both Apple and Android devices. Charging a bit slower than official wires but it gets the job done pretty well, plus one can charge multiple devices at once which is great especially for travelling

"
193,"

  The product stopped working in 20 days of usage. Do not buy this product. Return period is over. Can someone from the company reach out to me for replacing it?

"
194,"

  One of the best cables I have used so far, fast rigid durability and comes for 3 devices so I am happy carrying one cable rather than carrying 3 cables

"
195,"

  This product is very useful, it charges fast, also all pins work together so can charge more than one phone at a time .

"
196,"

  Dont buy.First the iphone charger side stopped working and afterwards the main USB in side broke apart.Return is only for a week so I couldnt even return the product.

"
197,"

  Not so good and the product is not durable

"
198,"

  This one is does what it is ment for. Fast charging, data transfer light weight durable.

"
199,"

  Good product , value for money, charging power is good. Working fine in the car charger port

"
200,"

  This is my 3rd purchase, I like the product for the name we trust Wecool. Quality of the cable just awesome. Using for my car's, office common charing point. Worth to buy the products from wecool.

"
201,"

  Bad products i can't use it for more that 1 week.Because it's  charging point got damaged.I will never suggest your product  to anymore.First time Had such a bad experience.

"
202,"

  Type C and Micro USB works just fine for charging but it doesnâ€™t support with iPhone..I have tried with power banks and Original apple adapter but nothing works.

"
203,"

  Worst quality product donâ€™t purchase, the cable stopped charging in few days of purchase and brand company didnâ€™t even bothered to service it in warranty.

"
204,"

  Bought it for one plus fast charging but it's pathetic not fast charging and sturdiness is not good got a replacement but still the same it's not fast charging....waste of money

"
205,"

  Iâ€™ve been using this fir last 1 month and after some days the lightning port stopped working suddenly. Amazon has changed their return method and made it within 10 days. Thatâ€™s a bad product or bad luck

"
206,"

  Not doing fast charging

"
207,"

  Iphone wire stopped working in 2 weeks. the connector is not charging if i move cable a bit it starts charging. if we lift phone again its not charging.

"
208,"

  Itâ€™s really worthy to spend 350 rs . Nice nylon braided wire so hope durability is also good . And charging is also faster .Happy with the product .thank you amazon for delivering faster in this pandemic  also .

"
209,"

  I have bought many charging cables, but this one is better than the others. Very good quality does not heat up my device. The cable is really great.Good charging power and durable.

"
210,"

  Don't bye this product waste of money when use this cable mobile went high temperature and not move charge 1 percent above if we continue we can lose our mobile

"
211,"

  WeCool 3A charge usb port fits well with any port.  It charges quite faster which is very helpful.  Nylon Braided is added advantage for the safety and long use.  Happy with the product.

"
212,"

  Value for money

"
213,"

  Doesn't fast charge. Sturdiness is great but doesn't help if it doesn't charge fast even with my fast charging adapter

"
214,"

  Within 12 days lightning charging port has stop working, do not buy, waste of money.

"
215,"

  Not data transfers

"
216,"

  Product is very good and orginal cable packing was also very good thanks Amazon ,

"
217,"

  As they mentioned fast charging cable but it is not fast charger cable, I have used my same samsung original charger .. even tho same it taking more time to charge my phone ..

"
218,"

  Good Quality product

"
219,"

  Useless product didn't last for 1 month

"
220,"

  Amazing product, very comfortable n useful for the ppl who are using multiple phones

"
221,"

  Really cool. I put it in my car so any phone can be charged. It works well.

"
222,"

  nice product, but the plastic at the plugin end have to be much more good quality wise

"
223,"

  We Cool I love the product because it's charging very fast and standard I can use roughly again I can purchase this product to my car I can give this product 5star*****

"
224,"

  It is a fake product stopped working in 10 days of time it reached me. Return window also closed on the day of arrival. Amazon stop selling fake and nasty products. It's a real shame.

"
225,"

  I bought this cable which is worth to buy very nice cable 3 in 1 wire is strong enough I like it will buy more for sure

"
226,"

  Worked all right for first 2 months. Then microUSB port turned extremely slow, cannot charge my phone even after 24 hours of being continuous plugged in.

"
227,"

  Charges slowly

"
228,"

  Itâ€™s not even a month and the cord stopped working. Please don't buy. Its useless plus it doesnâ€™t charge fast. Waste of money. Thereâ€™s no return or any warranty provided.

"
229,"

  The Type-C cable stopped working within one month.

"
230,"

  Cannot charge three  device at the same time, within 3 months of use the cable was broken ..the quality isn't that good ...good for temporary  use only

"
231,"

  It's It's good product especially helps to use as single charging point for all mobile devices

"
232,"

  Sturdy

"
233,"

  Heating up too much. After 30 mins of use, it feels like the cable was kept in fire. Too much heating issues and very slow charging speed. Charges only 13% in 30 mins.

"
234,"

  They sent me a damaged product as shown in pictures. I am giving 2 stars for that. I have to order a replacement which i am awaiting and it is waste of time.

"
235,"

  Donâ€™t buy charge very slow

"
236,"

  When we connect to a mobile it's charging level is  very very slow

"
237,"

  Only good part is it is braided, turbo , fast changing not happening.

"
238,"

  Nice Product

"
239,"

  Nice sturdy cables and charging power. Worth money. Premium finishing of cable and plastic parts.

"
240,"

  Not for iPhone users  usb C good I have a iPhone but not working 10 day working then not working

"
241,"

  Charging speed is too slow , multiple charging is not worth, loose fit... built quality id good.

"
242,"

  The wire is not working properly .The product is not getting connected properly.The product is a defective piece and I want the product to be replaced .

"
243,"

  Do not buy. Very bad quality product work only for 2 month . Now itâ€™s not working.

"
244,"

  good product

"
245,"

  Good cable n excellent working

"
246,"

  I like this product, exactly as described

"
247,"

  Does not support Apple car play nor Android auto

"
248,"

  Wire broke inside and charging stopped within 15 days of buying it

"
249,"

  Not sutable for type c

"
250,"

  I order it last night and received the delivery this morning (within 12 hours). Started using it and it seems to be a good one.

"
251,"

  Stopped charging within 2months of purchase.

"
252,"

  Same as before a cheap item delivered, it can burn your mobile while you kept charging your phone . It makes phone extremely hot ðŸ”¥ðŸ”¥ðŸ”¥ðŸ”¥.

"
253,"

  Initially it worked perfect. Charged fast. But it stopped working in 2 months. Not worth with this kind of durability for this high price.

"
254,"

  I didn't really get what I wanted. The cable is damaged or someone used it. I request a replacement or take it away but after 24 hours I received no input.

"
255,"

  Excellent product. No need to think about other cables just go for it

"
256,"

  Satisfied

"
257,"

  Simultaneously it's not charging all the three devices, only two can be charged. If so charge all the three automatically type c charger stops charging

"
258,"

  Looks elegant and is very flexible wire

"
259,"

  It worked fine for a week and then joint got loose and it needs to be hand hold for charging. It has got good looks but wire inside has very short life.

"
260,"

  Charging is very slow even while charging a single device.....I got the replacement but still same problem. Not worth

"
261,"

  It's just a fancy product, no utility..half the time it does not workBuy a single charger cord for each separatelyIt doesn't work properly

"
262,"

  quality not good as expected

"
263,"

  Less than a month of usage and the cord is not working now!

"
264,"

  Not happy with the product at all. Threw it off in less than 3 months. Phone was reverse charging.

"
265,"

  Good product

"
266,"

  C type charging does not works from day one. Not worth the price!!

"
267,"

  Slow charging and its not functioning in a week. I can't return it. DONT BUY.

"
268,"

  The cables look sturdy and tangle free, able to charge Micro USB and USB C together, even though I haven't verified charging speed

"
269,"

  Its not charging fast .... taking 2 times the time it should take compared with other better products available in the market ....

"
270,"

  Poor Performance, not charging Apple phone and ipad.... Items started not showing that charging not supports the wire....

"
271,"

  Initially it was fine.It was charging well.But after 15days my phone doesnâ€™t charge so well anymore.Pretty disappointing

"
272,"

  After a few days of usage, the cable joint to the USB Type-3 is not at all working

"
273,"

  First time came with one extension not working, I replaced the same. Second time it came with all working. Happy to buy.

"
274,"

  Not fast charging

"
275,"

  Good quality,fast charging

"
276,"

  Value for money and charging speed also good !!!

"
277,"

  Within one month of use it's Android and I phone points are not working.Typical Chinese 3rd class product

"
278,"

  Great must buy !

"
279,"

  I am giving review after 2 week of usage . I hv to say it is a great product and it's useful with multiple devices.Quality is also great .

"
280,"

  Little after a month stopped charging my iPhone, unfortunately ordered two pieces both are useless now

"
281,"

  Worst productCharging - average...now after 6 months the quslity has reduced. Its not charging properly.

"
282,"

  Does not charge simultaneously

"
283,"

  Satisfied

"
284,"

  The iOS wires don't support devices. Don't buy. Very dicey. Also they don't take returns if it doesn't work for you.

"
285,"

  GOOD AT CHARGING AND MORE USEFUL TO CHARGE FOR MORE CHARGING DEVICES

"
286,"

  Loved the product

"
287,"

  Charge only one pin and others are not working

"
288,"

  Best product and very useful, in my car as well as home. 3phones charging very easy.

"
289,"

  Nice and very soft-soft cable

"
290,"

  Pathetic is the least i can say about this product. I ordered 2 of these. Within a month, both wires stopped working. They are running a scam. PLEASE DONT GET FOOLED.

"
291,"

  The quality of product is very poor:1. High Price2. Poor USB Cover3. Not charging phone4. Frequent issues in charging may lead to phone damage

"
292,"

  Stopped working in a few days

"
293,"

  Item is as advertised.Good quality product.

"
294,"

  Fast charge not supported

"
295,"

  Had to return this as could not charge 3 devices at a time, even the cable itself feel very cheap and of poor quality.

"
296,"

  Wecool nylon braided multifunction charger is veery good quality and working is amazing so good product and buying this products Meney taimesi like it thise one

"
297,"

  Good and very helpful product. Charges 2 phone symaltenuosly at same time. Works very well. Recommended purchase! Thank you.

"
298,"


  Your browser does not support HTML5 video.


  Â Very bad quality ...the package was broken and the cable is not fast charging as claimed

"
299,"

  Very useful product

"
300,"

  Very inferior qualityNot durable at all.The charging point came out very easily after 2 days of using

"
301,"

  Very good

"
302,"

  Quality is good. but its bit small in size

"
303,"

  Excellent one. I am ordering 2 more

"
304,"

  Not a fast charging cable. Wrongly claimed on the product description.  I tried this with 2 qualcomm certified charges. Don't buy, if looking for a fast charger .

"
305,"

  This product charged very fast but it's longibility is an issue. Within 10 days one cord has  been damaged but others are working. Overall not satisfied

"
306,"

  1. Very loose connections for all the four ends of the cable.2. Chances are you'll receive the items in already broken conditions, as they are not glued well.

"
307,"

  Brilliant

"
308,"

  Amazing product with fast charging capability of all three different mobiles at the same time.

"
309,"

  ood.

"
310,"

  Works well but donâ€™t expect fast charging for iPhones.

"
311,"

  GOOD QUALITY

"
312,"

  Good and no problem

"
313,"

  It's good but the packing was worst. It doesn't charge fast might be as I have connected my iphone, oneplus with the same charger. However the durability seems to be quite good.

"
314,"

  Works only for couple of months

"
315,"

  Don't buy it.. It will not charge your phone more than 5-10 days..

"
316,"

  Good one,using in my car for charging

"
317,"

  Good product, go ahead

"
318,"

  Poor quality, poor packaging. Typical duplicate Chinese stuff from sadar Bazaar.

"
319,"

  It is arrived few days before and Ios charger has stopped working. Really disappointed with the product waste of time and money.

"
320,"

  International standard quality and good price

"
321,"

  Charges good, though had to get it replaced once as the first tume it wasn't charging

"
322,"

  Did not last for even 3 months - started to disintegrate and stopped charging especially the lighting charger

"
323,"

  It was not a fast charging cable. For my s9..

"
324,"

  Nice Product

"
325,"

  The product is awesome. No problems with charging. Don't know whether it is fully compatible with using it for Google Auto and Apple Car app.

"
326,"

  Using micro usb and lighting connector. Good for 1st few days and then they became loose. Have to keep readjusting the position of phone.

"
327,"

  No complaints since 8 days of usage. thanks

"
328,"

  Only Charging Cable, Data transfer not possible

"
329,"

  No fast charging option...cheats...stop this seller ..don't have return policy also

"
330,"

  Initially the charging speed was good but after a week it's charging speed decreased and then it completely stopped changing

"
331,"

  Cable was not functioning at all ,, I asked for a return.. itâ€™s been more than 10 days no return pickup has happened till date .

"
332,"

  Doesnâ€™t work for Apple CarPlay

"
333,"

  Good product with right cable length

"
334,"

  Excellent product

"
335,"

  This cable worked properly when I purchased but suddenly it stopped working. I have have to remove and then insert cable into my phone for couple of times.

"
336,"

  God product all three charging points working.

"
337,"

  Had to have the first one replaced as was defective.Hence your experience may vary

"
338,"

  Absolute beast and fast charging works superbly absolute must buy cable quality is also soo good

"
339,"

  Gud charger worth buying

"
340,"

  Type C connector stopped working in just 06 days. Quality is not up to the mark.

"
341,"

  Iâ€™m so disappointed with this product. Has not even lasted 2 months. DO NOT BUY.

"
342,"

  does not support fast charging in my vivo z1x mobile... over all product is ok.

"
343,"

  Overall product is good but cable not supporting Fast Charging.... as mentioned in Heading.....

"
344,"

  Poor products it got complaint after just two weeks

"
345,"

  the connecting pin at the mobile end is so flimsy, it bends when you connect with the mobile. absolute waste of money...

"
346,"

  Cable is really great. Build quality is also great and length of the cable is also long as per my requirements. Charging is fast and does not heat up my device.

"
347,"

  Not sure for fast charging.

"
348,"

  Bakwas hai 1 month use hone per kharab hoti hai.. charging time per cable garam hoti hai..Replace Milna chahiye..

"
349,"

  Works for two days just so as to pretend as if its a good charger and then it shows its true colours!!!! Very poor quality â˜¹ï¸

"
350,"

  Cheap productStopped working within a month

"
351,"


  Your browser does not support HTML5 video.


  Â Dislike -- waste product, just missed for firing of mobile, too much cost

"
352,"

  Poor performance on charging

"
353,"

  I bought 2 of these cables. One stopped working after 2 weeks. another is working but it drastically reduces the charging speed.

"
354,"

  It is very durable and good for travel charging.

"
355,"

  For I phone itâ€™s not working remaining also slow charging

"
356,"

  This is not fast charging cable as claimed in the advert.

"
357,"

  Extremely slow charging power very low not durable not worth at 50 RS very bad I recommend to all please go with other brand please please ðŸ™ it'sy request save your money

"
358,"

  Doesn't charge properly

"
359,"

  Good

"
360,"

  Excellent quality with protection that gives it long life

"
361,"

  It has a great quality and can be used to charge multiple phones at the same time with same speed.  Works really well!!

"
362,"

  sent the same product as showed in the pic..Excellent built qualityFast charging is okay..Satisfied with this product...

"
363,"

  Versatile

"
364,"

  Cabe is not supporter for 3.0 fast charging when connected to fast charger.

"
365,"

  Very good and very useful product ðŸ‘

"
366,"

  Doesn't support fast charge but can charge speed is gud

"
367,"

  Very good quality product!!

"
368,"

  Pls don't buy as the iPhone does not support this wireI tried two pieces and both of them don't charge

"
369,"

  The product is not good in terms of quality.Breaks down from the charging point and charges very slowly

"
370,"

  Very good product

"
371,"

  Charging Super SlowLow quality ; cheap materialsNot at all sturdyNot compatible with iPhones; waste of money!

"
372,"

  Product quality in not good

"
373,"

  Sturdy item

"
374,"

  Nice product. Good quality.

"
375,"

  Sooperb product

"
376,"

  Micro usb port not working after 2 weeks..dont buy this product

"
377,"

  Very good and easy to take any where for my mobiles

"
378,"

  I have ordered 2 of this item.One is fabulous and the other is pathetic.What to say â˜ºï¸

"
379,"

  not working properly

"
380,"

  Very poor quality

"
381,"

  One of the connector get broken . Not sure if this is in warranty and replacedPlease get it replaced

"
382,"

  Like

"
383,"

  Working good but apple carplay is not functioning.

"
384,"

  No fast charging, even when only one device is connected. Tried on Samsung mobile with cable connected to Samsung 15W fast charger.

"
385,"

  What an amazing product concept. Albeit let down by extremely poor durability.Stopped working within 30 days!

"
386,"

  please change the product as out of 03 charging leads only 02 are working , one stopped working

"
387,"

  Good item at reasonable price and takes care of all  3 types of phones I phone, Samsung New and Samsung Old

"
388,"

  This is not fast charging cable. But workes to charge mobiles.

"
389,"

  Absolutely worthless. Can't believe it stopped working within 30days. Now I have to hold it's USB port end to enable it to charge

"
390,"

  Not good. Want to return.Amazon- pls see if can be returned now as i have started using it later

"
391,"

  Worst

"
392,"

  Very good

"
393,"

  Micro USB not working , where as others ports are working...

"
394,"

  Out of three charger points,  only one works plus it's not fast charging cable.  Am stuck with this during lock down.Worst product ever

"
395,"

  iPhone cable stopped working right after return window closed. Not advisable

"
396,"

  Excellent product with fast charging multiple devices at same time.

"
397,"

  Was mentioned, but is good for charging only,Google play didn't work.So useless for me

"
398,"

  The cable stopped functioning...waste product. The 'C' part of the cable became loose and doesn't function with frequent disconnectivity.

"
399,"

  Not good quality. Having problems after a few days of use

"
400,"

  Worst productNot working after 1 week

"
401,"

  I purchased on jan 2021 and it stooped working after 2 months, please dont purchase wast of money

"
402,"

  It stopped working in 2 weeks!!! There are many way better cables then this one.

"
403,"

  Poor quality. Stopped charging at fast charging speeds within 3 weeks of purchase. Disappointed in the brand.

"
404,"

  Worste

"
405,"

  VERY NICE PRODUCT FOR MULTI CHARGING CABLES FOR MOBILEVERY GOOD QUALITY AND WORTH OF PRICE

"
406,"

  It does not work at all..worst product worst money spent. ...don't buy it at all ..take it bsck and give the money

"
407,"

  Worst item only 2_3 months working after that slot pin got ...unused...not able to charging now

"
408,"

  Worked for 32 days properly. If we get products with quality like this we may think to purchase from online shopping.

"
409,"

  Very good product and sturdy. The cladding on the wire is also very good in terms of tactile feel. Nice purchase.

"
410,"

  Waste of buying...my iphone charging socket not working after connecting with this....

"
411,"

  Nice

"
412,"

  It is useless item. Even with one item to charge, it takes a lot of time to charge.

"
413,"

  Wastage of money. Not fit properly in Port. Extremely slow charging.

"
414,"

  iPhone connector is not recognized by iPhone. False description. Seller/manufacturer fooling people.

"
415,"

  It was bought as a spare and not used until recently. When we did, we realized we got a dud.

"
416,"

  Very poor quality...just after 2 weeks from buying it stopped recharging....not worth of buying....@seller:can I get replacement?

"
417,"

  Good quality

"
418,"

  I phone charging point stopped working after 10 days , bad quality

"
419,"

  All jack/port working but micro usb port loose connection., Need some improvement, product good. Waste product

"
420,"

  Product look like standard but performance os not as described in specifications.

"
421,"

  Doesnâ€™t work after a month or soThe apple port didnâ€™t work after some  days

"
422,"

  Horrible and disgusting product, stopped functioning within a month of purchase, humble request, please donâ€™t buy it

"
423,"

  Product didn't work when received. Returned the same day. Purchasing this product is wastage of time and money.

"
424,"

  very slow charging. my advice don't purchase this item.

"
425,"

  Not a best fit.

"
426,"

  Cable stopped working after 10day

"
427,"

  nice product should buy thing super fast charging

"
428,"

  Broke down within 2 weeks !

"
429,"

  Not charging within 1 month

"
430,"

  Worked for only one month

"
431,"

  Not that good. But work very well with faster charging.

"
432,"

  As mentioned above easy to use, very comfortably fast charging speed. Durable too, on effective price U ll get 3 ports.

"
433,"

  I enjoyed it so much.  3 phones can be used simultaneously.  The cable of the recover company is good.

"
434,"

  It's  good and working

"
435,"

  Awesome product

"
436,"

  Stopped working after 2 months.

"
437,"

  The Iphone pin broke in a day of use. Poor quality

"
438,"

  Superb

"
439,"

  Avoid

"
440,"

  Excellent quality and delivery on time.!Total value for money.

"
441,"

  This product which i brought in december stopped working,all three charging ports are not working,i would not recommend it to any one

"
442,"

  Appreciate immediate replacement of defective item, good service. Charger works good

"
443,"

  Worst product.. I am very sad with the service and product. Plz arrange a call to me

"
444,"

  this product is very useful as it is 3 in 1 wire which is the key feature of this product. it looks durable & reduces the mess to carry more wires.

"
445,"

  Very bed charging powerNot fast charging support Nokia 6.1

"
446,"

  Nice

"
447,"

  It broke in few days only and as one socket broke, the whole thing stopped working.

"
448,"

  It's good and prompt delivery

"
449,"

  Finishing - Cool. Day 0 Review - I am smiling.

"
450,"

  The product has problem. when you conect for charge showing charging your mobile. But mobile is not charge

"
451,"

  By using this cablenif I try to charge my mobile in powerbank it takes more time to get charged than required.

"
452,"

  Your charger cable is completely useless. Would not recommend anyone to buy it.

"
453,"

  Defective piece. My mistake is that I opened the packet after 15 days on my return from out of station.

"
454,"

  Worst

"
455,"

  After 2 1/2 months cable is not working. Very bad quality please do not buy this.

"
456,"

  Very good product. Serving nicely.

"
457,"

  This doesn't work for the iPhone and type c. Wrong purchase made

"
458,"

  Not as expected. The charging cable stopped working in few days.

"
459,"

  At initially when I bought this cable it worked up to some limit but just within 1month, it stopped working.

"
460,"

  Third class product charge he nai  mobile .Totally wastage of Money..ðŸ¤¬ðŸ¤¬

"
461,"

  Had to replace the item twice, both time after 1-2 charge, it was not working

"
462,"

  Very slow chargingCable over heating while charging

"
463,"

  Not working

"
464,"

  Good one. Does the work.

"
465,"

  Good wire

"
466,"

  Only C-type pin is working. The other 2 pins are not working.

"
467,"

  Nice

"
468,"

  First one was defective. Got it replaced. Now it is 100% working. Good seller

"
469,"

  Stop working in a months waste of money..

"
470,"

  It is not compatible with fast charger. Money wasted.

"
471,"

  Not worth buying

"
472,"

  This is an awesome product with high quality, durability and best charging power and sturdiness.

"
473,"

  Doesnt fit properly for type c charging, charges very slow though

"
474,"

  Very durable and charging power is very goodNice product

"
475,"

  Didn't even last 6 months. Not charging.Have not done any rough use also.

"
476,"

  Thank you@wecool Amazon..i received it my order ..it is such an amazing product ...I really recommend to everyone...

"
477,"

  Product is good but charging power is slow than portronics cable

"
478,"

  Worth for money. Am using this on my car. Would surely recommend my friends and colleagues to buy this.

"
479,"

  Charging pins quality is poor. They are not properly getting holding the Mobiles & Tabs.... etc

"
480,"

  good product..and  it can charges three divice at the same tym....value for moneyðŸ‘ðŸ‘ðŸ‘ðŸ‘

"
481,"

  Micro USB cable stopped working after 3 days. Pathetic product.

"
482,"

  Bad product stopped working After 20 days . Pls donâ€™t buy

"
483,"

  Bad product...iPhone cable not working, connecting prob more time

"
484,"

  Quality is good and it works well so far.

"
485,"

  Very poor quality

"
486,"

  ðŸ‘‡ðŸ‘‡ðŸ‘‡

"
487,"

  Charging is ok, when connected multiple device charging gets slowed down

"
488,"

  Good Quality product and value for money.

"
489,"

  New we cool os really fast charging power. Is looking durable and sturdiness. Value for money

"
490,"

  Good cable but fast charging not working.

"
491,"

  Good

"
492,"

  I have been using it for months , good quality with charging power and sturdiness

"
493,"

  Good

"
494,"

  It has stopped working with8n 3 days. What a waste!!!

"
495,"

  Good product.

"
496,"

  3rd class product, very bed,guys i requested all of you don't buy this product totally use  less

"
497,"

  Product quality is not really good, charging is very slow and

"
498,"

  One of the charging connector damaged. Not possible return or replace

"
499,"

  Good one , checked with type c charger and iphone and iPad and universal Charger all working fine

"
